new_users,users_left,existing_users_before,existing_users_after,user_growth_rate
152,33,376,495,0.31648936170212766
142,12,260,390,0.5
64,31,413,446,0.07990314769975787
156,62,121,215,0.7768595041322314
121,11,352,462,0.3125
70,97,335,308,-0.08059701492537313
152,39,444,557,0.2545045045045045
171,47,148,272,0.8378378378378378
124,11,158,271,0.7151898734177216
137,73,269,333,0.2379182156133829
